<?xml version="1.0" encoding="UTF-8"?>
<con:soapui-project id="e22919f7-1df5-4eac-b206-12db8354f262" activeEnvironment="Default" name="REST Project 1" resourceRoot="" soapui-version="5.3.0" abortOnError="false" runType="SEQUENTIAL" xmlns:con="http://eviware.com/soapui/config"><con:settings/><con:interface xsi:type="con:RestService" id="0e1d0fa3-aae1-4cf0-a180-a801ff057eda" wadlVersion="http://wadl.dev.java.net/2009/02" name="https://qa-access.chpayments.com" type="rest" xmlns:xsi="http://www.w3.org/2001/XMLSchema-instance"><con:settings/><con:definitionCache/><con:endpoints><con:endpoint>https://qa-access.chpayments.com</con:endpoint><con:endpoint>https://qa-access.chpayments.com/admin/#/login</con:endpoint></con:endpoints><con:resource name="Admin" path="/token/" id="56f81a1f-6897-425d-ba7d-01f466799dfe"><con:settings/><con:parameters/><con:method name="Admin 1" id="f12fdad9-0349-445b-9d94-0eb2567f0cd7" method="POST"><con:settings/><con:parameters/><con:representation type="REQUEST"><con:mediaType>application/json</con:mediaType><con:params/></con:representation><con:representation type="FAULT"><con:mediaType>text/html; charset=utf-8</con:mediaType><con:status>404</con:status><con:params/><con:element>html</con:element></con:representation><con:representation type="FAULT"><con:mediaType>application/json; charset=utf-8</con:mediaType><con:status>400</con:status><con:params/><con:element xmlns:adm="https://qa-access.chpayments.com/token/admin/">adm:Fault</con:element></con:representation><con:representation type="REQUEST"><con:mediaType>application/x-www-form-urlencoded</con:mediaType><con:params/></con:representation><con:representation type="REQUEST"><con:mediaType>application/xml</con:mediaType><con:params/></con:representation><con:representation type="RESPONSE"><con:mediaType>application/json; charset=utf-8</con:mediaType><con:status>200</con:status><con:params/><con:element xmlns:adm="https://qa-access.chpayments.com/token/admin/">adm:Response</con:element></con:representation><con:request name="Request 1" id="dcba6a63-5ff4-4750-a14d-b658a2848011" mediaType="application/json" postQueryString="false"><con:settings><con:setting id="com.eviware.soapui.impl.wsdl.WsdlRequest@request-headers">&lt;xml-fragment/></con:setting></con:settings><con:endpoint>https://qa-access.chpayments.com</con:endpoint><con:request>{"username": "userOne", "password": "userOneOne"}</con:request><con:originalUri>https://qa-access.chpayments.com/token/admin/</con:originalUri><con:credentials><con:authType>No Authorization</con:authType></con:credentials><con:jmsConfig JMSDeliveryMode="PERSISTENT"/><con:jmsPropertyConfig/><con:parameters/><con:parameterOrder/></con:request></con:method></con:resource></con:interface><con:interface xsi:type="con:RestService" id="527ca4f5-eb8a-4524-8dcc-23ff2c34622c" wadlVersion="http://wadl.dev.java.net/2009/02" name="https://qa-access.chpayments.com" type="rest" xmlns:xsi="http://www.w3.org/2001/XMLSchema-instance"><con:settings/><con:definitionCache/><con:endpoints><con:endpoint>https://qa-access.chpayments.com</con:endpoint></con:endpoints><con:resource name="Provider" path="/provider/" id="9701bf52-243d-4015-a8e1-01c7b4aa32e1"><con:settings/><con:parameters/><con:method name="Provider 1" id="76e733f1-76d2-48f6-aa0c-a89a647a7fa5" method="GET"><con:settings/><con:parameters/><con:representation type="FAULT"><con:mediaType xsi:nil="true"/><con:status>400</con:status><con:params/><con:element>data</con:element></con:representation><con:representation type="FAULT"><con:mediaType xsi:nil="true"/><con:status>400</con:status><con:params/><con:element>data</con:element></con:representation><con:representation type="FAULT"><con:mediaType xsi:nil="true"/><con:status>401</con:status><con:params/><con:element>data</con:element></con:representation><con:representation type="FAULT"><con:mediaType xsi:nil="true"/><con:status>401</con:status><con:params/><con:element>data</con:element></con:representation><con:representation type="FAULT"><con:mediaType xsi:nil="true"/><con:status>401</con:status><con:params/><con:element>data</con:element></con:representation><con:representation type="FAULT"><con:mediaType xsi:nil="true"/><con:status>401</con:status><con:params/><con:element>data</con:element></con:representation><con:representation type="FAULT"><con:mediaType xsi:nil="true"/><con:status>401</con:status><con:params/><con:element>data</con:element></con:representation><con:representation type="FAULT"><con:mediaType>text/html; charset=iso-8859-1</con:mediaType><con:status>408</con:status><con:params/><con:element>html</con:element></con:representation><con:representation type="REQUEST"><con:mediaType>application/json</con:mediaType><con:params/></con:representation><con:representation type="FAULT"><con:mediaType xsi:nil="true"/><con:status>401</con:status><con:params/><con:element>data</con:element></con:representation><con:representation type="FAULT"><con:mediaType xsi:nil="true"/><con:status>401</con:status><con:params/><con:element>data</con:element></con:representation><con:representation type="FAULT"><con:mediaType xsi:nil="true"/><con:status>401</con:status><con:params/><con:element>data</con:element></con:representation><con:representation type="FAULT"><con:mediaType xsi:nil="true"/><con:status>401</con:status><con:params/><con:element>data</con:element></con:representation><con:representation type="FAULT"><con:mediaType xsi:nil="true"/><con:status>401</con:status><con:params/><con:element>data</con:element></con:representation><con:representation type="FAULT"><con:mediaType xsi:nil="true"/><con:status>401</con:status><con:params/><con:element>data</con:element></con:representation><con:representation type="FAULT"><con:mediaType xsi:nil="true"/><con:status>401</con:status><con:params/><con:element>data</con:element></con:representation><con:representation type="RESPONSE"><con:mediaType>application/json; charset=utf-8</con:mediaType><con:status>200</con:status><con:params/><con:element xmlns:prov="https://qa-access.chpayments.com/provider">prov:Response</con:element></con:representation><con:representation type="FAULT"><con:mediaType xsi:nil="true"/><con:status>401</con:status><con:params/><con:element>data</con:element></con:representation><con:representation type="FAULT"><con:mediaType xsi:nil="true"/><con:status>401</con:status><con:params/><con:element>data</con:element></con:representation><con:representation type="FAULT"><con:mediaType xsi:nil="true"/><con:status>401</con:status><con:params/><con:element>data</con:element></con:representation><con:representation type="FAULT"><con:mediaType xsi:nil="true"/><con:status>400</con:status><con:params/><con:element>data</con:element></con:representation><con:representation type="FAULT"><con:mediaType xsi:nil="true"/><con:status>401</con:status><con:params/><con:element>data</con:element></con:representation><con:representation type="FAULT"><con:mediaType xsi:nil="true"/><con:status>401</con:status><con:params/><con:element>data</con:element></con:representation><con:request name="Request 1" id="39f0ae13-9274-430f-9785-6e5345a33aad" mediaType="application/json"><con:settings><con:setting id="com.eviware.soapui.impl.wsdl.WsdlRequest@request-headers">&lt;xml-fragment xmlns:con="http://eviware.com/soapui/config">
  &lt;con:entry key="Authorization" value="${#TestCase#accessToken}"/>
  &lt;con:entry key="Content-Type" value="application/json; charset=utf-8"/>
&lt;/xml-fragment></con:setting></con:settings><con:endpoint>https://qa-access.chpayments.com</con:endpoint><con:request/><con:originalUri>https://qa-access.chpayments.com/provider</con:originalUri><con:credentials><con:authType>No Authorization</con:authType></con:credentials><con:jmsConfig JMSDeliveryMode="PERSISTENT"/><con:jmsPropertyConfig/><con:parameters/><con:parameterOrder/></con:request></con:method></con:resource></con:interface><con:testSuite id="74e497ee-9f11-4745-80bd-8588d96813bb" name="TS-PMCAPITesting"><con:settings/><con:runType>SEQUENTIAL</con:runType><con:testCase id="b3e76b6d-69ac-464b-a285-bbf5cbc89189" failOnError="true" failTestCaseOnErrors="true" keepSession="false" maxResults="0" name="TC-Token" searchProperties="true"><con:settings/><con:testStep type="restrequest" name="postfortoken" id="c8582a4b-75d8-4d71-a8ff-a1e6eec00481"><con:settings/><con:config service="https://qa-access.chpayments.com" resourcePath="/token/" methodName="Admin 1" xsi:type="con:RestRequestStep" xmlns:xsi="http://www.w3.org/2001/XMLSchema-instance"><con:restRequest name="postfortoken" id="dcba6a63-5ff4-4750-a14d-b658a2848011" mediaType="application/json" postQueryString="false"><con:settings><con:setting id="com.eviware.soapui.impl.wsdl.WsdlRequest@request-headers">&lt;xml-fragment/></con:setting></con:settings><con:endpoint>https://qa-access.chpayments.com</con:endpoint><con:request>{"username": "userOne", "password": "userOneOne"}</con:request><con:originalUri>https://qa-access.chpayments.com/token/admin/</con:originalUri><con:credentials><con:authType>No Authorization</con:authType></con:credentials><con:jmsConfig JMSDeliveryMode="PERSISTENT"/><con:jmsPropertyConfig/><con:parameters/><con:parameterOrder/></con:restRequest></con:config></con:testStep><con:properties><con:property><con:name>accessToken</con:name><con:value>Bearer eyJhbGciOiJIUzI1NiIsInR5cCI6IkpXVCJ9.eyJhdXRob3JpemVkIjp0cnVlLCJpYXQiOjE0OTc0Mjk3NzIsImV4cCI6MTQ5NzUxNjE3Mn0.dtMZ3VW0aSp4Zjv2YJQAZcHfHvvWzGvtdpaNM6m8eX8</con:value></con:property></con:properties></con:testCase><con:properties/></con:testSuite><con:testSuite id="eba3c967-10fa-4d4f-be15-61f535cf3cce" name="Test Suite-1"><con:settings/><con:runType>SEQUENTIAL</con:runType><con:testCase id="4b74b642-66b1-4051-be4a-152cdd900ed5" failOnError="true" failTestCaseOnErrors="true" keepSession="false" maxResults="0" name="TestCase 1" searchProperties="true"><con:settings/><con:testStep type="restrequest" name="Provider 1 - Request 1" id="6be2c3e3-2b60-4396-8fc2-720f5265886d"><con:settings/><con:config service="https://qa-access.chpayments.com" resourcePath="/provider/" methodName="Provider 1" xsi:type="con:RestRequestStep" xmlns:xsi="http://www.w3.org/2001/XMLSchema-instance"><con:restRequest name="Provider 1 - Request 1" id="39f0ae13-9274-430f-9785-6e5345a33aad" mediaType="application/json"><con:settings><con:setting id="com.eviware.soapui.impl.wsdl.WsdlRequest@request-headers">&lt;xml-fragment xmlns:con="http://eviware.com/soapui/config">
  &lt;con:entry key="Authorization" value="Bearer eyJhbGciOiJIUzI1NiIsInR5cCI6IkpXVCJ9.eyJhdXRob3JpemVkIjp0cnVlLCJpYXQiOjE0OTc2NDIzMzcsImV4cCI6MTQ5NzcyODczN30.BuMziJJd6UvlRTfCHwjG3AMk6j56PKnaeqePeotCBYk"/>
  &lt;con:entry key="Content-Type" value="application/json; charset=utf-8"/>
&lt;/xml-fragment></con:setting></con:settings><con:endpoint>https://qa-access.chpayments.com</con:endpoint><con:request/><con:originalUri>https://qa-access.chpayments.com/provider</con:originalUri><con:credentials><con:authType>No Authorization</con:authType></con:credentials><con:jmsConfig JMSDeliveryMode="PERSISTENT"/><con:jmsPropertyConfig/><con:parameters/><con:parameterOrder/></con:restRequest></con:config></con:testStep><con:properties/></con:testCase><con:properties/></con:testSuite><con:testSuite name="Automation_Test_Suite" id="baa664a6-4fb0-42cc-86df-f40b52e47924"><con:settings/><con:runType>SEQUENTIAL</con:runType><con:testCase failOnError="true" failTestCaseOnErrors="true" keepSession="false" maxResults="0" name="Groovy Scripts" searchProperties="true" id="83b3f45c-29e7-4899-80d4-11a4e65b8b84"><con:settings/><con:testStep type="groovy" name="ChangeEndPoint.groovy" id="3f745f52-fecf-4e00-820a-ad97b31f9c3b"><con:settings/><con:config><script>endPoint = "https://pre-qa.emdeon.net"
ignoreTestSuites="Automation_Test_Suite"
		
testSuites = testRunner.testCase.testSuite.project.getTestSuiteList()

testSuite:
for(ts in testSuites)
{
	for(ts_ignore in ignoreTestSuites.split(","))
	{
		if(ts.name==ts_ignore){continue testSuite}
	}
	testCases = testRunner.testCase.testSuite.project.testSuites[ts.name].getTestCaseList()
				
	for(tc in testCases)
	{
		testSteps = testRunner.testCase.testSuite.project.testSuites[ts.name].testCases[tc.name].getTestStepList()
				
		for(tstep in testSteps)
		{			
			tstep.getHttpRequest().setEndpoint(endPoint)
			log.info "${tstep.name} is updated with ${endPoint}"
			//log.info tstep.name
		}
	}
	
}
</script></con:config></con:testStep><con:testStep type="groovy" name="ModifyAllRequest.groovy" id="03e31b15-d7b5-4c47-a123-ac227cad1b4d"><con:settings/><con:config><script>import soapui.com.jayway.jsonpath.*
import com.eviware.soapui.support.types.StringToStringsMap 

/* Enter the test_suite/test_case/test_step name of Stateful API's*/
testSuite="TS-PMCAPITesting"
testCaseName="TC-Token"
testStepName="postfortoken"
jsonPathResponse= "accessToken"

/* Header name to be added in the other request*/
inputRequestHeader = "Authorization"

ignoreTestSuites="Automation_Test_Suite,TS-PMCAPITesting"

/*Run the Stateful API */
def teststep = testRunner.testCase.testSuite.project.testSuites[testSuite].testCases[testCaseName].testSteps[testStepName]
def response
try{
	def runner = teststep.run(testRunner, context)
	response= runner.response.contentAsString
}catch(Exception e){
	log.info e
}
//Parsing JSON response using JsonParse class imported from json-path.jar file
def jsonParse
	try{
		jsonParse = new JsonParse(response)
	}catch(Exception){
		log.info e
	}

def jsonValue  = jsonParse.getJsonValue(jsonPathResponse)

def headers = new StringToStringsMap()

headers.put(inputRequestHeader,"Bearer "+jsonValue)
headers.put("Content-Type","application/json; charset=utf-8")
  		
testSuites = testRunner.testCase.testSuite.project.getTestSuiteList()

testSuite:
for(ts in testSuites)
{
	for(ts_ignore in ignoreTestSuites.split(","))
	{
		if(ts.name==ts_ignore){continue testSuite}
	}
	testCases = testRunner.testCase.testSuite.project.testSuites[ts.name].getTestCaseList()
				
	for(tc in testCases)
	{
		testSteps = testRunner.testCase.testSuite.project.testSuites[ts.name].testCases[tc.name].getTestStepList()
				
		for(tstep in testSteps)
		{		
			tstep.testRequest.setRequestHeaders(headers)
			log.info "${tstep.name} is updated with ${headers}"
			//log.info tstep.name
		}
	}
	
}
</script></con:config></con:testStep><con:testStep type="groovy" name="BuildTemplate.groovy" id="3d3900b1-e379-40e2-bac6-b74ae537e6cf"><con:settings/><con:config><script>import jxl.*;
import jxl.write.*

fileName = "C:\\SOAP\\2.0\\New\\Aetna\\New\\System_Test_Cases.xls"
//inputFileName = "D:\\PRE\\run\\System_Test_Cases_Groovy_Input.xls"
ignoreTestSuites="Automation_Test_Suite,TS-PMCAPITesting"

WritableWorkbook workbook = Workbook.createWorkbook(new File(fileName));
workbook.createSheet("Sheet1",0);
def sheet = workbook.getSheet(0)
sheet.addCell(new Label(0,0,"Test Suite"))
sheet.addCell(new Label(1,0,"Test Case"))
sheet.addCell(new Label(2,0,"Test Step"))
		
testSuites = testRunner.testCase.testSuite.project.getTestSuiteList()
row_num=1
testSuite:
for(ts in testSuites)
{
	for(ts_ignore in ignoreTestSuites.split(","))
	{
		if(ts.name==ts_ignore){continue testSuite}
	}
	testCases = testRunner.testCase.testSuite.project.testSuites[ts.name].getTestCaseList()
	sheet.addCell(new Label(0,row_num,ts.name))
			
	for(tc in testCases)
	{
		sheet.addCell(new Label(0,row_num,ts.name))
		sheet.addCell(new Label(1,row_num,tc.name))
		testSteps = testRunner.testCase.testSuite.project.testSuites[ts.name].testCases[tc.name].getTestStepList()
				
		for(tstep in testSteps)
		{			
			sheet.addCell(new Label(0,row_num,ts.name))
			sheet.addCell(new Label(1,row_num,tc.name))
			sheet.addCell(new Label(2,row_num,tstep.name))
			row_num++
			
			//log.info tstep.name
		}
	}
	
}

for(int x=0;x&lt;sheet.getColumns();x++)
{	
	CellView cell=sheet.getColumnView(x);
	cell.setSize(9000)	
	sheet.setColumnView(x,cell);			
}

log.info "Automtion Input Spreadsheet is created for the project XML."
workbook.write()
workbook.close()

</script></con:config></con:testStep><con:testStep type="groovy" name="BuildJsonPath.groovy" id="4e8441c1-19e2-4bb9-88d4-84eda6483d0b"><con:settings/><con:config><script>import com.eviware.soapui.model.testsuite.TestRunner.Status
import groovy.json.JsonSlurper 
import java.util.Date;
import java.io.File;
import java.util.*;
import java.lang.*; 
import jxl.*;
import jxl.write.*
import com.soapui.BuildJsonPath.*;


inputFileName = "C:\\SOAP\\2.0\\New\\Aetna\\New\\System_Test_Cases.xls"
//inputFileName = "D:\\PRE\\run\\System_Test_Cases_Groovy_Input.xls"

class BuildJsonPath
{
	def inputFileName
	def outputFileName
	
	def BuildJsonPath(def inputFileName,def outputFileName)
	{
		this.inputFileName=inputFileName
		this.outputFileName=outputFileName		
	}

	def run(def log,def testRunner,def context)
	{
		def wb = Workbook.getWorkbook(new File(inputFileName))
		WritableWorkbook workbook = Workbook.createWorkbook(new File(outputFileName),wb)
		def sheet1 = wb.getSheet(0)
		def sheet_r = workbook.getSheet(0)
		sheet_r.addCell(new Label(3,0,"Validation File"))
		sheet_r.addCell(new Label(4,0,"RUN STATE"))
		sheet_r.addCell(new Label(5,0,"Issue Key"))
		sheet_r.addCell(new Label(6,0,"Fix Version"))
		sheet_r.addCell(new Label(7,0,"Test Cycle"))
		def row_count = sheet1.getRows()
		for(def i=1; i&lt; row_count; i++)
		{
			def test_suite = sheet1.getCell(0,i).getContents()
			if(test_suite.isEmpty()){continue}
			def test_case = sheet1.getCell(1,i).getContents()
			def test_step = sheet1.getCell(2,i).getContents()
						
			def tc = testRunner.testCase.testSuite.project.testSuites[test_suite].testCases[test_case]
			
			if(tc==null)
			{
				log.info "RUN STATUS -> ${test_suite} -> ${test_case} -> ${test_step} -> ${i}/${(row_count-1)} -> Test Case is not present"
				sheet_r.addCell(new Label(3,i,"Test Case is not present"))
				continue	
			}
			
			def ts = tc.testSteps[test_step]
			
			if(ts==null)
			{
			log.info "RUN STATUS -> ${test_suite} -> ${test_case} -> ${test_step} -> ${i}/${(row_count-1)} -> Test Step is not present"
			sheet_r.addCell(new Label(3,i,"Test Step is not present"))
			continue	
			}

			def response
			try{
				def runner = ts.run(testRunner, context)
				response= runner.response.contentAsString
			}
			catch(Exception expObj) {
				//log.info "RUN STATUS -> ${test_suite} -> ${test_case} -> ${test_step} -> ${i}/${(row_count-1)} has Exception ${expObj}"
				sheet_r.addCell(new Label(3,i,expObj.toString()))	
				continue
			}
			
			try{
			JsonPathBuilder jsonpathbuilder = new JsonPathBuilder(response.toString())
			def csvFileName = "${new File(inputFileName).getParent()}\\validation\\${test_case} &amp;&amp; ${test_step}.csv"
			log.info csvFileName
			jsonpathbuilder.createCSVFile(csvFileName)
			log.info "JSON Path CSV File: ${new File(csvFileName).getName()} is created under validation folder"
			sheet_r.addCell(new Label(3,i,"validation\\${new File(csvFileName).getName()}"))
			}
			catch(Exception expObj)
			{
				log.info "RUN STATUS -> ${test_suite} -> ${test_case} -> ${test_step} -> ${i}/${(row_count-1)} has Exception ${expObj}"
				sheet_r.addCell(new Label(3,i,expObj.toString()))
				continue
			}
			log.info "RUN STATUS -> ${test_suite} -> ${test_case} -> ${test_step} -> ${i}/${(row_count-1)} is Completed"
			//def csvResponse = jsonpathbuilder.returnAsCSV()
			//context.fileReader = new BufferedReader(new StringReader(csvResponse))
			//def rowsData = context.fileReader.readLines()

			sheet_r.addCell(new Label(4,i,"TRUE"))
						
		}

			for(int x=0;x&lt;sheet_r.getColumns();x++)
			{	
				CellView cell=sheet_r.getColumnView(x);
				cell.setSize(9000)	
				sheet_r.setColumnView(x,cell);			
			}
			workbook.write()
			workbook.close()
	}	
}

//Groovy Script -----
def path=inputFileName.substring(0, inputFileName.lastIndexOf("\\"));

if(!new File(path).exists())
{	
	log.info "Input File Path \"${path}\" does not exists and hence exiting the program"
	return
}
def validationFolder = new File("${path}\\validation")
if(!validationFolder.exists())
{
	validationFolder.mkdirs()
}
def fileNameSplit = new File(inputFileName.toString()).getName().split("\\.")
def outputFileName = "${path}\\${fileNameSplit[0]}_Groovy_Input.${fileNameSplit[1]}"
def buildjsonpath = new BuildJsonPath(inputFileName,outputFileName)
try{
buildjsonpath.run(log,testRunner,context)
}
catch(Exception expObj)
{
	log.info expObj
}
</script></con:config></con:testStep><con:testStep type="groovy" name="Driver.groovy" id="dc246872-64d2-476d-a294-0011ad9ed3cf"><con:settings/><con:config><script><![CDATA[import com.eviware.soapui.model.testsuite.TestRunner.Status
import groovy.json.JsonSlurper 
import java.util.Date;
import java.io.File;
import java.util.*;
import java.lang.*; 
import jxl.*;
import jxl.write.*
import com.soapui.BuildJsonPath.*
import soapui.com.jayway.jsonpath.*
import static org.junit.Assert.*;
import com.jayway.jsonpath.ExcelToHtml.HTML;
import com.zephyr.update.client.*;

inputFileName = "C:\\SOAP\\2.0\\New\\Aetna\\New\\System_Test_Cases_Groovy_Input.xls"
projectKey = "PRE"

//Key in the json path to be ignored. for mutiple path, give it comma seperated.
ignoreJsonPathValidation="transactionIdentifier.transactionId,transactionId"


class Driver
{
	def inputFileName
	def outputFileName
	def ignoreJsonPathValidation
	def static assertionList = []
	def projectKey
	ZephyrClient zephyr;
		
	def Driver(def inputFileName,def outputFileName,def ignoreJsonPathValidation,def projectKey)
	{
		this.inputFileName=inputFileName
		this.outputFileName=outputFileName
		this.ignoreJsonPathValidation=ignoreJsonPathValidation
		this.projectKey=projectKey;
		zephyr = new ZephyrClient("http://jira.emdeon.net","nskrishnamoorthy","laya-1234")
	}

	def run(def log,def testRunner,def context)
	{
		def wb = Workbook.getWorkbook(new File(inputFileName))
		WritableWorkbook workbook = Workbook.createWorkbook(new File(outputFileName),wb)
		def sheet1 = wb.getSheet(0)
		def sheet_r = workbook.getSheet(0)
		sheet_r.addCell(new Label(8,0,"Result"))
		sheet_r.addCell(new Label(9,0,"Exception"))
		//Create Validation Sheet
		WritableSheet sheet_v = workbook.createSheet("JSON_Validation",1)
		sheet_v.addCell(new Label(0,0,"Test Step"))
		sheet_v.addCell(new Label(1,0,"JSON Path"))
		sheet_v.addCell(new Label(2,0,"Expected Result"))
		sheet_v.addCell(new Label(3,0,"Actual Result"))
		sheet_v.addCell(new Label(4,0,"Result"))
		sheet_v.addCell(new Label(5,0,"Exception"))
		def row_count = sheet1.getRows()
		def inputPath = new File(inputFileName).getParent().toString()
		def validation_row_num=1
		for(def i=1; i< row_count; i++)
		{
			def test_suite = sheet1.getCell(0,i).getContents()
			if(test_suite.isEmpty()){continue}
			def test_case = sheet1.getCell(1,i).getContents()
			def test_step = sheet1.getCell(2,i).getContents()
			def validationCsvFilePath = "${inputPath}\\${sheet1.getCell(3,i).getContents()}"
			def run_state = sheet1.getCell(4,i).getContents()
			def issue_key = sheet1.getCell(5,i).getContents()
			def fix_version = sheet1.getCell(6,i).getContents()
			def test_cycle = sheet1.getCell(7,i).getContents()
			def result = "Pass"
			if (run_state.equalsIgnoreCase("FALSE"))
			{
				continue
			}

			def t_suite = testRunner.testCase.testSuite.project.testSuites[test_suite]
			if (t_suite==null)
			{
				log.info "RUN STATUS -> ${test_suite} -> ${test_case} -> ${test_step} -> ${i}/${(row_count-1)} -> Test Suite is not present"
				sheet_r.addCell(new Label(8,i,"Error"))
				sheet_r.addCell(new Label(9,i,"Test Suite is not present"))
				continue	
			}
									
			def tc = t_suite .testCases[test_case]
			
			if(tc==null)
			{
				log.info "RUN STATUS -> ${test_suite} -> ${test_case} -> ${test_step} -> ${i}/${(row_count-1)} -> Test Case is not present"
				sheet_r.addCell(new Label(8,i,"Error"))
				sheet_r.addCell(new Label(9,i,"Test Case is not present"))
				continue	
			}
			
			def ts = tc.testSteps[test_step]
			
			if(ts==null)
			{
			log.info "RUN STATUS -> ${test_suite} -> ${test_case} -> ${test_step} -> ${i}/${(row_count-1)} -> Test Step is not present"
			sheet_r.addCell(new Label(8,i,"Error"))
			sheet_r.addCell(new Label(9,i,"Test Step is not present"))
			continue	
			}

			def response
			try{
				def runner = ts.run(testRunner, context)
				response= runner.response.contentAsString
				//log.info "Response is ${response}"
			}
			catch(Exception expObj) {
				log.info "RUN STATUS -> ${test_suite} -> ${test_case} -> ${test_step} -> ${i}/${(row_count-1)} has Exception ${expObj}"
				sheet_r.addCell(new Label(8,i,"Error"))
				sheet_r.addCell(new Label(9,i,expObj.toString()))
				continue
			}			
			
			log.info "RUN STATUS -> ${test_suite} -> ${test_case} -> ${test_step} -> ${i}/${(row_count-1)} Request is run and JSON Validation in progress"

			if(!new File(validationCsvFilePath).exists())
			{
				log.info "Skipping the validation and validation JSON File: ${new File(validationCsvFilePath).getName()} does not exists."
				continue
			}

				
			//Parsing JSON response using JsonParse class imported from json-path.jar file
			def jsonParse
			try{
			jsonParse = new JsonParse(response)
			}
			catch(Exception expObj)
			{
				log.info "RUN STATUS -> ${test_suite} -> ${test_case} -> ${test_step} -> ${i}/${(row_count-1)} has Exception ${expObj}"
				sheet_r.addCell(new Label(8,i,"Error"))
				sheet_r.addCell(new Label(9,i,expObj.toString()))
				continue	
			}

			//Looping through json path and expected result from csv file
			context.fileReader = new BufferedReader(new FileReader(validationCsvFilePath))
			def rowsData = context.fileReader.readLines()
			def rowsize = rowsData.size()
			jsonpath:
		     for(def j=1; j< rowsize;  j++)
    			{
    				def rowdata = rowsData[j]
    				//Splitting the string to 2 based on comma delimiter overcoming csv restriction
    				String[] data = rowdata.split(",",2)
    				data[0]=data[0].replaceAll("=","")
    				data[0]=data[0].replaceAll("\"","")
    				data[1]=data[1].replaceAll("=","")
    				data[1]=data[1].replaceAll("\"","")
    				for (ignore in ignoreJsonPathValidation.split(","))
    				{
    					if(data[0]==ignore){continue jsonpath}
    				}			
    				
    				def json_path = data[0]
    				def expected_result = data[1]
    				def actual_result
    				
    				//Write validation results into Result spreadsheet
    				sheet_v.addCell(new Label(0,validation_row_num,test_step))
    				sheet_v.addCell(new Label(1,validation_row_num,json_path))
    				sheet_v.addCell(new Label(2,validation_row_num,expected_result))
    				    				
    				//Retriving the Json value from response using getJsonValue method imported from json-path.jar file
    				try{
    					 actual_result = jsonParse.getJsonValue(json_path)    					 
    				}
    				catch(Exception expObj)
    				{
    					sheet_v.addCell(new Label(4,validation_row_num,"Exception"))
    					sheet_v.addCell(new Label(5,validation_row_num,expObj.toString()))
    					log.info "JSON Validation -> ${test_step} -> ${json_path} has Exception: ${expObj}"
    					continue
    				}
    				    				
    				sheet_v.addCell(new Label(3,validation_row_num,actual_result))
    				
    				if(expected_result==actual_result)
    				{
    					sheet_v.addCell(new Label(4,validation_row_num,"Pass"))
    					log.info "JSON Validation -> ${test_step} -> ${json_path} -> Pass"    					
    				}
    				else
    				{
    					result="Fail"
    					sheet_v.addCell(new Label(4,validation_row_num,"Fail"))
    					log.info "JSON Validation -> ${test_step} -> ${json_path} -> Fail. Expected_Result:(${expected_result}) but Actual_Result:(${actual_result})"    					
    				}
    				validation_row_num++
    			}

			/* Updating Results into Zephyr for JIRA*/
			TestResult zephyrResult = zephyr.createTest()
			zephyrResult.setIssuekey(issue_key)
			zephyrResult.setProjectKey(projectKey)
			zephyrResult.setFixVersions(fix_version)
			zephyrResult.setTestCycle(test_cycle)
			zephyrResult.setTestResult(result)
			try{
			zephyrResult.updateResult()	
			log.info zephyrResult.getExecutionStatus()
			}catch(Exception e){
				log.info e
			}
			if(zephyrResult.getExecutionStatus()==200){
                   log.info "Updating results into Zephyr - ${result} -> ${test_suite} -> ${test_case} -> ${test_step}"
               }
               else{
               	log.info "Test Results are not updated into Zephyr - ${result} -> ${test_suite} -> ${test_case} -> ${test_step}"
               }
			
			
			sheet_r.addCell(new Label(8,i,result))
			assertionList.add(result)
			log.info "RUN STATUS -> ${test_suite} -> ${test_case} -> ${test_step} -> ${i}/${(row_count-1)} is Complete"
									
		}

			for(int x=0;x<sheet_r.getColumns();x++)
			{	
				CellView cell=sheet_r.getColumnView(x);
				cell.setSize(9000)	
				sheet_r.setColumnView(x,cell);			
			}
			
			for(int x=0;x<sheet_v.getColumns();x++)
			{	
				CellView cell=sheet_v.getColumnView(x);
				cell.setSize(9000)	
				sheet_v.setColumnView(x,cell);			
			}
			workbook.write()
			workbook.close()	
			def html = new HTML();
 			html.createHTMLFile(new File(outputFileName).getAbsolutePath());		
	}	
}

//Groovy Script -----
def path=inputFileName.substring(0, inputFileName.lastIndexOf("\\"));
if(!new File(path).exists())
{	
	log.info "Input File Path \"${path}\" does not exists and hence exiting the program"
	return
}
def fileNameSplit = new File(inputFileName.toString()).getName().split("\\.")
def outputFileName = "${path}\\${fileNameSplit[0]}_Results.${fileNameSplit[1]}"
def driver = new Driver(inputFileName,outputFileName,ignoreJsonPathValidation,projectKey)
try{
driver.run(log,testRunner,context)
}
catch(Exception expObj)
{
	log.info expObj
}

File file = new File("${path}\\result.txt")
file.write("");
Driver.assertionList.each { 
	file << "$it\n"
}

return
//assertFalse (Driver.assertionList.contains("Fail"))]]></script></con:config></con:testStep><con:properties/></con:testCase><con:testCase id="40d4dee5-2600-4594-8373-d852475f6e57" failOnError="true" failTestCaseOnErrors="true" keepSession="false" maxResults="0" name="Run Script" searchProperties="true"><con:settings/><con:testStep type="groovy" name="Driver.groovy" id="e876c4a5-8212-4c63-8882-853834940bfb"><con:settings/><con:config><script><![CDATA[import com.eviware.soapui.model.testsuite.TestRunner.Status
import groovy.json.JsonSlurper 
import java.util.Date;
import java.io.File;
import java.util.*;
import java.lang.*; 
import jxl.*;
import jxl.write.*
import com.soapui.BuildJsonPath.*
import soapui.com.jayway.jsonpath.*
import static org.junit.Assert.*;
import com.jayway.jsonpath.ExcelToHtml.HTML;
import com.zephyr.update.client.*;

inputFileName = testRunner.testCase.testSuite.project.getPropertyValue("inputFileName")

parallelRun = testRunner.testCase.testSuite.project.getPropertyValue("parallelRun")

//Key in the json path to be ignored. for mutiple path, give it comma seperated.
ignoreJsonPathValidation= testRunner.testCase.testSuite.project.getPropertyValue("ignoreJsonPathValidation")

class Driver
{
	def static ignoreJsonPathValidation
	def static assertionList = []	
	def static sheet_i
	def static sheet_r
	def static row_count
	def static inputPath
	def static validation_row_num
	def static sheet_v
	public static Object Lock1 = new Object();	  	
	ZephyrClient zephyr;
	
	def Driver()
	{
		zephyr = new ZephyrClient("http://jira.emdeon.net","nskrishnamoorthy","laya-1234")
	}


	def run(def log,def testRunner,def context,def i)
	{
			def test_suite = sheet_i.getCell(0,i).getContents()
			if(test_suite.isEmpty()){return}
			def test_case = sheet_i.getCell(1,i).getContents()
			def test_step = sheet_i.getCell(2,i).getContents()
			def validationCsvFilePath = "${inputPath}\\${sheet_i.getCell(3,i).getContents()}"
			def run_state = sheet_i.getCell(4,i).getContents()						
			def issue_key = sheet_i.getCell(5,i).getContents()
			def fix_version = sheet_i.getCell(6,i).getContents()
			def test_cycle = sheet_i.getCell(7,i).getContents()
			def result = "Pass"

			def t_suite = testRunner.testCase.testSuite.project.testSuites[test_suite]
			if (t_suite==null)
			{
				log.info "RUN STATUS -> ${test_suite} -> ${test_case} -> ${test_step} -> ${i}/${(row_count-1)} -> Test Suite is not present"
				sheet_r.addCell(new Label(8,i,"Error"))
				sheet_r.addCell(new Label(9,i,"Test Suite is not present"))
				return	
			}
									
			def tc = t_suite .testCases[test_case]
			
			if(tc==null)
			{
				log.info "RUN STATUS -> ${test_suite} -> ${test_case} -> ${test_step} -> ${i}/${(row_count-1)} -> Test Case is not present"
				sheet_r.addCell(new Label(8,i,"Error"))
				sheet_r.addCell(new Label(9,i,"Test Case is not present"))
				return	
			}
			
			def ts = tc.testSteps[test_step]
			
			if(ts==null)
			{
			log.info "RUN STATUS -> ${test_suite} -> ${test_case} -> ${test_step} -> ${i}/${(row_count-1)} -> Test Step is not present"
			sheet_r.addCell(new Label(8,i,"Error"))
			sheet_r.addCell(new Label(9,i,"Test Step is not present"))
			return	
			}

			def response
			def runner
			try{
				synchronized (Lock1) {	
				runner = ts.run(testRunner, context)
				}
		
				response= runner.response.contentAsString
				//log.info "Response is ${response}"
			}
			catch(Exception expObj) {
				log.info "RUN STATUS -> ${test_suite} -> ${test_case} -> ${test_step} -> ${i}/${(row_count-1)} has Exception ${expObj}"
				sheet_r.addCell(new Label(8,i,"Error"))
				sheet_r.addCell(new Label(9,i,expObj.toString()))
				result="Fail"
				return
			}			
			
			log.info "RUN STATUS -> ${test_suite} -> ${test_case} -> ${test_step} -> ${i}/${(row_count-1)} Request is run and JSON Validation in progress"

			if(!new File(validationCsvFilePath).exists())
			{
				log.info "Skipping the validation and validation JSON File: ${new File(validationCsvFilePath).getName()} does not exists."
				return
			}

				
			//Parsing JSON response using JsonParse class imported from json-path.jar file
			def jsonParse
			try{
			jsonParse = new JsonParse(response)
			}
			catch(Exception expObj)
			{
				log.info "RUN STATUS -> ${test_suite} -> ${test_case} -> ${test_step} -> ${i}/${(row_count-1)} has Exception ${expObj}"
				sheet_r.addCell(new Label(8,i,"Error"))
				sheet_r.addCell(new Label(9,i,expObj.toString()))
				return	
			}

			//Looping through json path and expected result from csv file
			context.fileReader = new BufferedReader(new FileReader(validationCsvFilePath))
			def rowsData = context.fileReader.readLines()
			def rowsize = rowsData.size()
			jsonpath:
		     for(def j=1; j< rowsize;  j++)
    			{
    				def rowdata = rowsData[j]
    				//Splitting the string to 2 based on comma delimiter overcoming csv restriction
    				String[] data = rowdata.split(",",2)
    				data[0]=data[0].replaceAll("=","")
    				data[0]=data[0].replaceAll("\"","")
    				data[1]=data[1].replaceAll("=","")
    				data[1]=data[1].replaceAll("\"","")
    				for (ignore in ignoreJsonPathValidation.split(","))
    				{
    					if(data[0]==ignore){continue jsonpath}
    				}			
    				
    				def json_path = data[0]
    				def expected_result = data[1]
    				def actual_result
    				
    				//Write validation results into Result spreadsheet
    				sheet_v.addCell(new Label(0,validation_row_num,test_step))
    				sheet_v.addCell(new Label(1,validation_row_num,json_path))
    				sheet_v.addCell(new Label(2,validation_row_num,expected_result))
    				    				
    				//Retriving the Json value from response using getJsonValue method imported from json-path.jar file
    				try{
    					 actual_result = jsonParse.getJsonValue(json_path)    					 
    				}
    				catch(Exception expObj)
    				{
    					sheet_v.addCell(new Label(4,validation_row_num,"Exception"))
    					sheet_v.addCell(new Label(5,validation_row_num,expObj.toString()))
    					log.info "JSON Validation -> ${test_step} -> ${json_path} has Exception: ${expObj}"
    					return
    				}
    				    				
    				sheet_v.addCell(new Label(3,validation_row_num,actual_result))
    				
    				if(expected_result==actual_result)
    				{
    					sheet_v.addCell(new Label(4,validation_row_num,"Pass"))
    					log.info "JSON Validation -> ${test_step} -> ${json_path} -> Pass"    					
    				}
    				else
    				{
    					result="Fail"
    					sheet_v.addCell(new Label(4,validation_row_num,"Fail"))
    					log.info "JSON Validation -> ${test_step} -> ${json_path} -> Fail. Expected_Result:(${expected_result}) but Actual_Result:(${actual_result})"    					
    				}
    				validation_row_num++
    			}			
			
			/* Updating Results into Zephyr for JIRA*/
			TestResult zephyrResult = zephyr.createTest()
			zephyrResult.setIssuekey(issue_key)
			zephyrResult.setProjectKey("PRE")
			zephyrResult.setFixVersions(fix_version)
			zephyrResult.setTestCycle(test_cycle)
			zephyrResult.setTestResult(result)
			zephyrResult.updateResult()	
			try{
			zephyrResult.updateResult()				
			}catch(Exception e){
				log.info e
			}
			if(result.getExecutionStatus()==200){
                   log.info "Updating results into Zephyr - ${result} -> ${test_suite} -> ${test_case} -> ${test_step}"
               }
               else{
               	log.info "Test Results are not updated into Zephyr - ${result} -> ${test_suite} -> ${test_case} -> ${test_step}"
               }			
			sheet_r.addCell(new Label(8,i,result))
			assertionList.add(result)
			log.info "RUN STATUS -> ${test_suite} -> ${test_case} -> ${test_step} -> ${i}/${(row_count-1)} is Complete"					
			
	}	
}

class MultiThreading extends Thread {

		private Thread t;
		private String threadName;
		def log; 
		def driver;
		def context; 
		def testRunner
		def i
	  	
		MultiThreading(String threadName,def log,def testRunner,def context,def driver,def i)
		{
			this.threadName=threadName
			this.log=log
			this.context=context
			this.testRunner=testRunner
			this.driver=driver
			this.i=i
		}

		@Override
		public void run()
		{
			log.info("Running the thread for the Input File: " +  threadName);
			try{
				driver.run(log,testRunner,context,i)		
			}
			catch(Exception expObj)
			{
				log.info "File: ${threadName} Error Occured: ${expObj}"
			}
		}

		public Thread returnThread()
		{
			return t;
		}
	
		public void start ()
	   	{
	   	   //log.info("Starting Thread for the input File " +  threadName );	     
	         t = new Thread (this, threadName);
	         t.start ();	         
	   	}
	    
   
}


//inputFileName = "C:\\Users\\nskrishnamoorthy\\Desktop\\PRE\\Automation\\Latest\\run\\SOAP_Test_Cases_Groovy_Input.xls"
//parallelRun = true
//ignoreJsonPathValidation = "transactionId"

if(inputFileName==null)
{
	log.info "inputFileName is not present in the property. Pleae set the property"
	return
}

if(parallelRun==null)
{
	log.info "parallelRun is not present in the property. Pleae set the property"
	return
}

if(ignoreJsonPathValidation==null)
{
	log.info "ignoreJsonPathValidation is not present in the property. Pleae set the property"
	return
}


//Groovy Script -----
 ArrayList<Thread> threadList = new ArrayList<Thread>();

 def path=inputFileName.substring(0, inputFileName.lastIndexOf("\\"));
 if(!new File(path).exists())
 {	
	log.info "Input File Path \"${path}\" does not exists and hence exiting the program"
	return
 }
 def fileNameSplit = new File(inputFileName.toString()).getName().split("\\.")
 def outputFileName = "${path}\\${fileNameSplit[0]}_Results.${fileNameSplit[1]}"
 
 def wb = Workbook.getWorkbook(new File(inputFileName))
 WritableWorkbook workbook = Workbook.createWorkbook(new File(outputFileName),wb)

 Driver.ignoreJsonPathValidation=ignoreJsonPathValidation
 Driver.sheet_i= wb.getSheet(0)
 Driver.sheet_r= workbook.getSheet(0)
 Driver.sheet_r.addCell(new Label(8,0,"Test Result"))
 Driver.sheet_r.addCell(new Label(9,0,"Exception"))
 Driver.sheet_v = workbook.createSheet("JSON_Validation",1)
 Driver.sheet_v.addCell(new Label(0,0,"Test Step"))
 Driver.sheet_v.addCell(new Label(1,0,"JSON Path"))
 Driver.sheet_v.addCell(new Label(2,0,"Expected Result"))
 Driver.sheet_v.addCell(new Label(3,0,"Actual Result"))
 Driver.sheet_v.addCell(new Label(4,0,"Result"))
 Driver.sheet_v.addCell(new Label(5,0,"Exception"))
 Driver.row_count = Driver.sheet_r.getRows()
 Driver.inputPath = new File(inputFileName).getParent().toString()
 Driver.validation_row_num=1 

 def driver = new Driver()

// For Multi threading
 if(parallelRun=="true") {
 for(def i=1; i< Driver.row_count; i++)
 {
 
 def run_state = Driver.sheet_i.getCell(4,i).getContents()
 
 if (run_state.equalsIgnoreCase("FALSE"))
 {
	continue
 }
 
 try{

  def thread = new MultiThreading("thread${i}",log,testRunner,context,driver,i)
  thread.start()
  threadList.add(thread.t)
  //driver.run(log,testRunner,context,i)
 }
 catch(Exception expObj)
 { 
 	log.info expObj
 }			
 }

 for(Thread t: threadList)
{
	try {
		t.join();
		//System.out.println(", status = " + t.isAlive());
		}
	catch (Exception expObj) {
		log.info e
		}
 }
 }

//For sequential thread
else {
 for(def i=1; i< Driver.row_count; i++)
 {
 	   		  	
 def run_state = Driver.sheet_i.getCell(4,i).getContents()
 
 if (run_state.equalsIgnoreCase("FALSE"))
 {
	continue
 }

 	
 try{
	driver.run(log,testRunner,context,i)
 }
 catch(Exception expObj)
 { 
 	log.info expObj
 }			
 }

 }

 for(int x=0;x<Driver.sheet_r.getColumns();x++)
 {	
 CellView cell=Driver.sheet_r.getColumnView(x);
 cell.setSize(9000)	
 Driver.sheet_r.setColumnView(x,cell);			
 }
 
 for(int x=0;x<Driver.sheet_v.getColumns();x++)
 {	
 CellView cell=Driver.sheet_v.getColumnView(x);
 cell.setSize(9000)	
 Driver.sheet_v.setColumnView(x,cell);			
 }
 
 workbook.write()
 workbook.close()
 
 def html = new HTML();
 html.createHTMLFile(new File(outputFileName).getAbsolutePath());

 File file = new File("${path}\\result.txt")
 file.write("");
 Driver.assertionList.each { 
	file << "$it\n"
 }

 //assertFalse (Driver.assertionList.contains("Fail"))]]></script></con:config></con:testStep><con:properties/></con:testCase><con:properties/><con:reportParameters/></con:testSuite><con:properties/><con:wssContainer/><con:oAuth2ProfileContainer/><con:oAuth1ProfileContainer/><con:sensitiveInformation/></con:soapui-project>